{
  "version": 2,
  "builds": [
    {
      "src": "package.json",
      "use": "@vercel/static-build",
      "config": {
        "distDir": "dist"
      }
    }
  ],
  "routes": [
    {
      "handle": "filesystem"
    },
    {
      "src": "/(.*)",
      "dest": "/index.html"
    }
  ],
  "alias": ["levelworks.org", "www.levelworks.org"],
  "headers": [
    {
      "source": "/(.*)",
      "headers": [
        {
          "key": "X-Content-Type-Options",
          "value": "nosniff"
        },
        {
          "key": "X-Frame-Options",
          "value": "DENY"
        },
        {
          "key": "X-XSS-Protection",
          "value": "1; mode=block"
        }
      ]
    }
  ]
}